{
	"modelPath": "../resources/model/plane.obj",
	"texturePath": "../resources/texture/plane_diffuse.png",
	"position": [0, 0, 0],
	"rotation": [0, 0, 0],
	"scale": 0.1,
	"mass": 1000,
	"thrust": [-10000000000, 10000000000],
	"dThrust": 4000,
	"moment": [-1000000, 1000000],
	"dMoment": 1000,
	"camera": {
		"offset": [0, 5, -15],
		"up": [0, 1, 0],
		"fov": 30
	},
	"inertia": [
		1586.74803662, -4.73684339, 15.57268294,
		-4.73684339, 2571.74852973, 85.9407511,
		15.57268294, 85.9407511, 1389.28759311]
}
