{
	"modelPath": "../resources/model/dragon_spaceship.obj",
	"texturePath": "../resources/model/dragon_spaceship.mtl",
	"position": [-30, 0, 0],
	"rotation": [0 , 3.141592, 0],
	"scale": 1,
	"mass": 6000,
	"thrust": [-1000000000000, 1000000000000],
	"dThrust": 24000,
	"moment": [-10000000, 10000000],
	"dMoment": 1000,
	"camera": {
		"offset": [0, 10, 30],
		"up": [0, 1, 0],
		"fov": 30
	},
	"inertia": [1424.42645812, 6.76697429, 18.33597028, 6.76697429, 1384.80311562, 49.38261765, 18.33597028, 49.38261765, 416.41105412]
}
